id,name,age,salary
1,Amit,30,51000
2,Bhavesh,25,42000
3,Chitra,28,63000
4,Deepak,35,74000
5,Esha,23,45000
6,Amit,30,51000
7,Bhavesh,25,42000
8,Chitra,28,63000
9,Deepak,35,74000
10,Esha,23,45000
11,Amit,30,51000
12,Bhavesh,25,42000
13,Chitra,28,63000
14,Deepak,35,74000
15,Esha,23,45000
16,Amit,30,51000
17,Bhavesh,25,42000
18,Chitra,28,63000
19,Deepak,35,74000
20,Esha,23,45000
21,Amit,30,51000
22,Bhavesh,25,42000
23,Chitra,28,63000
24,Deepak,35,74000
25,Esha,23,45000
26,Amit,30,51000
27,Bhavesh,25,42000
28,Chitra,28,63000
29,Deepak,35,74000
30,Esha,23,45000
31,Amit,30,51000
32,Bhavesh,25,42000
33,Chitra,28,63000
34,Deepak,35,74000
35,Esha,23,45000
36,Amit,30,51000
37,Bhavesh,25,42000
38,Chitra,28,63000
39,Deepak,35,74000
40,Esha,23,45000
41,Amit,30,51000
42,Bhavesh,25,42000
43,Chitra,28,63000
44,Deepak,35,74000
45,Esha,23,45000
46,Amit,30,51000
47,Bhavesh,25,42000
48,Chitra,28,63000
49,Deepak,35,74000
50,Esha,23,45000
51,Amit,30,51000
52,Bhavesh,25,42000
53,Chitra,28,63000
54,Deepak,35,74000
55,Esha,23,45000
56,Amit,30,51000
57,Bhavesh,25,42000
58,Chitra,28,63000
59,Deepak,35,74000
60,Esha,23,45000
61,Amit,30,51000
62,Bhavesh,25,42000
63,Chitra,28,63000
64,Deepak,35,74000
65,Esha,23,45000
66,Amit,30,51000
67,Bhavesh,25,42000
68,Chitra,28,63000
69,Deepak,35,74000
70,Esha,23,45000
71,Amit,30,51000
72,Bhavesh,25,42000
73,Chitra,28,63000
74,Deepak,35,74000
75,Esha,23,45000
76,Amit,30,51000
77,Bhavesh,25,42000
78,Chitra,28,63000
79,Deepak,35,74000
80,Esha,23,45000
81,Amit,30,51000
82,Bhavesh,25,42000
83,Chitra,28,63000
84,Deepak,35,74000
85,Esha,23,45000
86,Amit,30,51000
87,Bhavesh,25,42000
88,Chitra,28,63000
89,Deepak,35,74000
90,Esha,23,45000
91,Amit,30,51000
92,Bhavesh,25,42000
93,Chitra,28,63000
94,Deepak,35,74000
95,Esha,23,45000
96,Amit,30,51000
97,Bhavesh,25,42000
98,Chitra,28,63000
99,Deepak,35,74000
100,Esha,23,45000
101,Amit,30,51000
102,Bhavesh,25,42000
103,Chitra,28,63000
104,Deepak,35,74000
105,Esha,23,45000
106,Amit,30,51000
107,Bhavesh,25,42000
108,Chitra,28,63000
109,Deepak,35,74000
110,Esha,23,45000
111,Amit,30,51000
112,Bhavesh,25,42000
113,Chitra,28,63000
114,Deepak,35,74000
115,Esha,23,45000
116,Amit,30,51000
117,Bhavesh,25,42000
118,Chitra,28,63000
119,Deepak,35,74000
120,Esha,23,45000
121,Amit,30,51000
122,Bhavesh,25,42000
123,Chitra,28,63000
124,Deepak,35,74000
125,Esha,23,45000
126,Amit,30,51000
127,Bhavesh,25,42000
128,Chitra,28,63000
129,Deepak,35,74000
130,Esha,23,45000
131,Amit,30,51000
132,Bhavesh,25,42000
133,Chitra,28,63000
134,Deepak,35,74000
135,Esha,23,45000
136,Amit,30,51000
137,Bhavesh,25,42000
138,Chitra,28,63000
139,Deepak,35,74000
140,Esha,23,45000
141,Amit,30,51000
142,Bhavesh,25,42000
143,Chitra,28,63000
144,Deepak,35,74000
145,Esha,23,45000
146,Amit,30,51000
147,Bhavesh,25,42000
148,Chitra,28,63000
149,Deepak,35,74000
150,Esha,23,45000
151,Amit,30,51000
152,Bhavesh,25,42000
153,Chitra,28,63000
154,Deepak,35,74000
155,Esha,23,45000
156,Amit,30,51000
157,Bhavesh,25,42000
158,Chitra,28,63000
159,Deepak,35,74000
160,Esha,23,45000
161,Amit,30,51000
162,Bhavesh,25,42000
163,Chitra,28,63000
164,Deepak,35,74000
165,Esha,23,45000
166,Amit,30,51000
167,Bhavesh,25,42000
168,Chitra,28,63000
169,Deepak,35,74000
170,Esha,23,45000
171,Amit,30,51000
172,Bhavesh,25,42000
173,Chitra,28,63000
174,Deepak,35,74000
175,Esha,23,45000
176,Amit,30,51000
177,Bhavesh,25,42000
178,Chitra,28,63000
179,Deepak,35,74000
180,Esha,23,45000
181,Amit,30,51000
182,Bhavesh,25,42000
183,Chitra,28,63000
184,Deepak,35,74000
185,Esha,23,45000
186,Amit,30,51000
187,Bhavesh,25,42000
188,Chitra,28,63000
189,Deepak,35,74000
190,Esha,23,45000
191,Amit,30,51000
192,Bhavesh,25,42000
193,Chitra,28,63000
194,Deepak,35,74000
195,Esha,23,45000
196,Amit,30,51000
197,Bhavesh,25,42000
198,Chitra,28,63000
199,Deepak,35,74000
200,Esha,23,45000
201,Amit,30,51000
202,Bhavesh,25,42000
203,Chitra,28,63000
204,Deepak,35,74000
205,Esha,23,45000
206,Amit,30,51000
207,Bhavesh,25,42000
208,Chitra,28,63000
209,Deepak,35,74000
210,Esha,23,45000
211,Amit,30,51000
212,Bhavesh,25,42000
213,Chitra,28,63000
214,Deepak,35,74000
215,Esha,23,45000
216,Amit,30,51000
217,Bhavesh,25,42000
218,Chitra,28,63000
219,Deepak,35,74000
220,Esha,23,45000
221,Amit,30,51000
222,Bhavesh,25,42000
223,Chitra,28,63000
224,Deepak,35,74000
225,Esha,23,45000
226,Amit,30,51000
227,Bhavesh,25,42000
228,Chitra,28,63000
229,Deepak,35,74000
230,Esha,23,45000
231,Amit,30,51000
232,Bhavesh,25,42000
233,Chitra,28,63000
234,Deepak,35,74000
235,Esha,23,45000
236,Amit,30,51000
237,Bhavesh,25,42000
238,Chitra,28,63000
239,Deepak,35,74000
240,Esha,23,45000
241,Amit,30,51000
242,Bhavesh,25,42000
243,Chitra,28,63000
244,Deepak,35,74000
245,Esha,23,45000
246,Amit,30,51000
247,Bhavesh,25,42000
248,Chitra,28,63000
249,Deepak,35,74000
250,Esha,23,45000
251,Amit,30,51000
252,Bhavesh,25,42000
253,Chitra,28,63000
254,Deepak,35,74000
255,Esha,23,45000
256,Amit,30,51000
257,Bhavesh,25,42000
258,Chitra,28,63000
259,Deepak,35,74000
260,Esha,23,45000
261,Amit,30,51000
262,Bhavesh,25,42000
263,Chitra,28,63000
264,Deepak,35,74000
265,Esha,23,45000
266,Amit,30,51000
267,Bhavesh,25,42000
268,Chitra,28,63000
269,Deepak,35,74000
270,Esha,23,45000
271,Amit,30,51000
272,Bhavesh,25,42000
273,Chitra,28,63000
274,Deepak,35,74000
275,Esha,23,45000
276,Amit,30,51000
277,Bhavesh,25,42000
278,Chitra,28,63000
279,Deepak,35,74000
280,Esha,23,45000
281,Amit,30,51000
282,Bhavesh,25,42000
283,Chitra,28,63000
284,Deepak,35,74000
285,Esha,23,45000
286,Amit,30,51000
287,Bhavesh,25,42000
288,Chitra,28,63000
289,Deepak,35,74000
290,Esha,23,45000
291,Amit,30,51000
292,Bhavesh,25,42000
293,Chitra,28,63000
294,Deepak,35,74000
295,Esha,23,45000
296,Amit,30,51000
297,Bhavesh,25,42000
298,Chitra,28,63000
299,Deepak,35,74000
300,Esha,23,45000
301,Amit,30,51000
302,Bhavesh,25,42000
303,Chitra,28,63000
304,Deepak,35,74000
305,Esha,23,45000
306,Amit,30,51000
307,Bhavesh,25,42000
308,Chitra,28,63000
309,Deepak,35,74000
310,Esha,23,45000
311,Amit,30,51000
312,Bhavesh,25,42000
313,Chitra,28,63000
314,Deepak,35,74000
315,Esha,23,45000
316,Amit,30,51000
317,Bhavesh,25,42000
318,Chitra,28,63000
319,Deepak,35,74000
320,Esha,23,45000
321,Amit,30,51000
322,Bhavesh,25,42000
323,Chitra,28,63000
324,Deepak,35,74000
325,Esha,23,45000
326,Amit,30,51000
327,Bhavesh,25,42000
328,Chitra,28,63000
329,Deepak,35,74000
330,Esha,23,45000
331,Amit,30,51000
332,Bhavesh,25,42000
333,Chitra,28,63000
334,Deepak,35,74000
335,Esha,23,45000
336,Amit,30,51000
337,Bhavesh,25,42000
338,Chitra,28,63000
339,Deepak,35,74000
340,Esha,23,45000
341,Amit,30,51000
342,Bhavesh,25,42000
343,Chitra,28,63000
344,Deepak,35,74000
345,Esha,23,45000
346,Amit,30,51000
347,Bhavesh,25,42000
348,Chitra,28,63000
349,Deepak,35,74000
350,Esha,23,45000
351,Amit,30,51000
352,Bhavesh,25,42000
353,Chitra,28,63000
354,Deepak,35,74000
355,Esha,23,45000
356,Amit,30,51000
357,Bhavesh,25,42000
358,Chitra,28,63000
359,Deepak,35,74000
360,Esha,23,45000
361,Amit,30,51000
362,Bhavesh,25,42000
363,Chitra,28,63000
364,Deepak,35,74000
365,Esha,23,45000
366,Amit,30,51000
367,Bhavesh,25,42000
368,Chitra,28,63000
369,Deepak,35,74000
370,Esha,23,45000
371,Amit,30,51000
372,Bhavesh,25,42000
373,Chitra,28,63000
374,Deepak,35,74000
375,Esha,23,45000
376,Amit,30,51000
377,Bhavesh,25,42000
378,Chitra,28,63000
379,Deepak,35,74000
380,Esha,23,45000
381,Amit,30,51000
382,Bhavesh,25,42000
383,Chitra,28,63000
384,Deepak,35,74000
385,Esha,23,45000
386,Amit,30,51000
387,Bhavesh,25,42000
388,Chitra,28,63000
389,Deepak,35,74000
390,Esha,23,45000
391,Amit,30,51000
392,Bhavesh,25,42000
393,Chitra,28,63000
394,Deepak,35,74000
395,Esha,23,45000
396,Amit,30,51000
397,Bhavesh,25,42000
398,Chitra,28,63000
399,Deepak,35,74000
400,Esha,23,45000
401,Amit,30,51000
402,Bhavesh,25,42000
403,Chitra,28,63000
404,Deepak,35,74000
405,Esha,23,45000
406,Amit,30,51000
407,Bhavesh,25,42000
408,Chitra,28,63000
409,Deepak,35,74000
410,Esha,23,45000
411,Amit,30,51000
412,Bhavesh,25,42000
413,Chitra,28,63000
414,Deepak,35,74000
415,Esha,23,45000
416,Amit,30,51000
417,Bhavesh,25,42000
418,Chitra,28,63000
419,Deepak,35,74000
420,Esha,23,45000
421,Amit,30,51000
422,Bhavesh,25,42000
423,Chitra,28,63000
424,Deepak,35,74000
425,Esha,23,45000
426,Amit,30,51000
427,Bhavesh,25,42000
428,Chitra,28,63000
429,Deepak,35,74000
430,Esha,23,45000
431,Amit,30,51000
432,Bhavesh,25,42000
433,Chitra,28,63000
434,Deepak,35,74000
435,Esha,23,45000
436,Amit,30,51000
437,Bhavesh,25,42000
438,Chitra,28,63000
439,Deepak,35,74000
440,Esha,23,45000
441,Amit,30,51000
442,Bhavesh,25,42000
443,Chitra,28,63000
444,Deepak,35,74000
445,Esha,23,45000
446,Amit,30,51000
447,Bhavesh,25,42000
448,Chitra,28,63000
449,Deepak,35,74000
450,Esha,23,45000
451,Amit,30,51000
452,Bhavesh,25,42000
453,Chitra,28,63000
454,Deepak,35,74000
455,Esha,23,45000
456,Amit,30,51000
457,Bhavesh,25,42000
458,Chitra,28,63000
459,Deepak,35,74000
460,Esha,23,45000
461,Amit,30,51000
462,Bhavesh,25,42000
463,Chitra,28,63000
464,Deepak,35,74000
465,Esha,23,45000
466,Amit,30,51000
467,Bhavesh,25,42000
468,Chitra,28,63000
469,Deepak,35,74000
470,Esha,23,45000
471,Amit,30,51000
472,Bhavesh,25,42000
473,Chitra,28,63000
474,Deepak,35,74000
475,Esha,23,45000
476,Amit,30,51000
477,Bhavesh,25,42000
478,Chitra,28,63000
479,Deepak,35,74000
480,Esha,23,45000
481,Amit,30,51000
482,Bhavesh,25,42000
483,Chitra,28,63000
484,Deepak,35,74000
485,Esha,23,45000
486,Amit,30,51000
487,Bhavesh,25,42000
488,Chitra,28,63000
489,Deepak,35,74000
490,Esha,23,45000
491,Amit,30,51000
492,Bhavesh,25,42000
493,Chitra,28,63000
494,Deepak,35,74000
495,Esha,23,45000
496,Amit,30,51000
497,Bhavesh,25,42000
498,Chitra,28,63000
499,Deepak,35,74000
500,Esha,23,45000
501,Amit,30,51000
502,Bhavesh,25,42000
503,Chitra,28,63000
504,Deepak,35,74000
505,Esha,23,45000
506,Amit,30,51000
507,Bhavesh,25,42000
508,Chitra,28,63000
509,Deepak,35,74000
510,Esha,23,45000
511,Amit,30,51000
512,Bhavesh,25,42000
513,Chitra,28,63000
514,Deepak,35,74000
515,Esha,23,45000
516,Amit,30,51000
517,Bhavesh,25,42000
518,Chitra,28,63000
519,Deepak,35,74000
520,Esha,23,45000
521,Amit,30,51000
522,Bhavesh,25,42000
523,Chitra,28,63000
524,Deepak,35,74000
525,Esha,23,45000
526,Amit,30,51000
527,Bhavesh,25,42000
528,Chitra,28,63000
529,Deepak,35,74000
530,Esha,23,45000
531,Amit,30,51000
532,Bhavesh,25,42000
533,Chitra,28,63000
534,Deepak,35,74000
535,Esha,23,45000
536,Amit,30,51000
537,Bhavesh,25,42000
538,Chitra,28,63000
539,Deepak,35,74000
540,Esha,23,45000
541,Amit,30,51000
542,Bhavesh,25,42000
543,Chitra,28,63000
544,Deepak,35,74000
545,Esha,23,45000
546,Amit,30,51000
547,Bhavesh,25,42000
548,Chitra,28,63000
549,Deepak,35,74000
550,Esha,23,45000
551,Amit,30,51000
552,Bhavesh,25,42000
553,Chitra,28,63000
554,Deepak,35,74000
555,Esha,23,45000
556,Amit,30,51000
557,Bhavesh,25,42000
558,Chitra,28,63000
559,Deepak,35,74000
560,Esha,23,45000
561,Amit,30,51000
562,Bhavesh,25,42000
563,Chitra,28,63000
564,Deepak,35,74000
565,Esha,23,45000
566,Amit,30,51000
567,Bhavesh,25,42000
568,Chitra,28,63000
569,Deepak,35,74000
570,Esha,23,45000
571,Amit,30,51000
572,Bhavesh,25,42000
573,Chitra,28,63000
574,Deepak,35,74000
575,Esha,23,45000
576,Amit,30,51000
577,Bhavesh,25,42000
578,Chitra,28,63000
579,Deepak,35,74000
580,Esha,23,45000
581,Amit,30,51000
582,Bhavesh,25,42000
583,Chitra,28,63000
584,Deepak,35,74000
585,Esha,23,45000
586,Amit,30,51000
587,Bhavesh,25,42000
588,Chitra,28,63000
589,Deepak,35,74000
590,Esha,23,45000
591,Amit,30,51000
592,Bhavesh,25,42000
593,Chitra,28,63000
594,Deepak,35,74000
595,Esha,23,45000
596,Amit,30,51000
597,Bhavesh,25,42000
598,Chitra,28,63000
599,Deepak,35,74000
600,Esha,23,45000
601,Amit,30,51000
602,Bhavesh,25,42000
603,Chitra,28,63000
604,Deepak,35,74000
605,Esha,23,45000
606,Amit,30,51000
607,Bhavesh,25,42000
608,Chitra,28,63000
609,Deepak,35,74000
610,Esha,23,45000
611,Amit,30,51000
612,Bhavesh,25,42000
613,Chitra,28,63000
614,Deepak,35,74000
615,Esha,23,45000
616,Amit,30,51000
617,Bhavesh,25,42000
618,Chitra,28,63000
619,Deepak,35,74000
620,Esha,23,45000
621,Amit,30,51000
622,Bhavesh,25,42000
623,Chitra,28,63000
624,Deepak,35,74000
625,Esha,23,45000
626,Amit,30,51000
627,Bhavesh,25,42000
628,Chitra,28,63000
629,Deepak,35,74000
630,Esha,23,45000
631,Amit,30,51000
632,Bhavesh,25,42000
633,Chitra,28,63000
634,Deepak,35,74000
635,Esha,23,45000
636,Amit,30,51000
637,Bhavesh,25,42000
638,Chitra,28,63000
639,Deepak,35,74000
640,Esha,23,45000
641,Amit,30,51000
642,Bhavesh,25,42000
643,Chitra,28,63000
644,Deepak,35,74000
645,Esha,23,45000
646,Amit,30,51000
647,Bhavesh,25,42000
648,Chitra,28,63000
649,Deepak,35,74000
650,Esha,23,45000
651,Amit,30,51000
652,Bhavesh,25,42000
653,Chitra,28,63000
654,Deepak,35,74000
655,Esha,23,45000
656,Amit,30,51000
657,Bhavesh,25,42000
658,Chitra,28,63000
659,Deepak,35,74000
660,Esha,23,45000
661,Amit,30,51000
662,Bhavesh,25,42000
663,Chitra,28,63000
664,Deepak,35,74000
665,Esha,23,45000
666,Amit,30,51000
667,Bhavesh,25,42000
668,Chitra,28,63000
669,Deepak,35,74000
670,Esha,23,45000
671,Amit,30,51000
672,Bhavesh,25,42000
673,Chitra,28,63000
674,Deepak,35,74000
675,Esha,23,45000
676,Amit,30,51000
677,Bhavesh,25,42000
678,Chitra,28,63000
679,Deepak,35,74000
680,Esha,23,45000
681,Amit,30,51000
682,Bhavesh,25,42000
683,Chitra,28,63000
684,Deepak,35,74000
685,Esha,23,45000
686,Amit,30,51000
687,Bhavesh,25,42000
688,Chitra,28,63000
689,Deepak,35,74000
690,Esha,23,45000
691,Amit,30,51000
692,Bhavesh,25,42000
693,Chitra,28,63000
694,Deepak,35,74000
695,Esha,23,45000
696,Amit,30,51000
697,Bhavesh,25,42000
698,Chitra,28,63000
699,Deepak,35,74000
700,Esha,23,45000
701,Amit,30,51000
702,Bhavesh,25,42000
703,Chitra,28,63000
704,Deepak,35,74000
705,Esha,23,45000
706,Amit,30,51000
707,Bhavesh,25,42000
708,Chitra,28,63000
709,Deepak,35,74000
710,Esha,23,45000
711,Amit,30,51000
712,Bhavesh,25,42000
713,Chitra,28,63000
714,Deepak,35,74000
715,Esha,23,45000
716,Amit,30,51000
717,Bhavesh,25,42000
718,Chitra,28,63000
719,Deepak,35,74000
720,Esha,23,45000
721,Amit,30,51000
722,Bhavesh,25,42000
723,Chitra,28,63000
724,Deepak,35,74000
725,Esha,23,45000
726,Amit,30,51000
727,Bhavesh,25,42000
728,Chitra,28,63000
729,Deepak,35,74000
730,Esha,23,45000
731,Amit,30,51000
732,Bhavesh,25,42000
733,Chitra,28,63000
734,Deepak,35,74000
735,Esha,23,45000
736,Amit,30,51000
737,Bhavesh,25,42000
738,Chitra,28,63000
739,Deepak,35,74000
740,Esha,23,45000
741,Amit,30,51000
742,Bhavesh,25,42000
743,Chitra,28,63000
744,Deepak,35,74000
745,Esha,23,45000
746,Amit,30,51000
747,Bhavesh,25,42000
748,Chitra,28,63000
749,Deepak,35,74000
750,Esha,23,45000
751,Amit,30,51000
752,Bhavesh,25,42000
753,Chitra,28,63000
754,Deepak,35,74000
755,Esha,23,45000
756,Amit,30,51000
757,Bhavesh,25,42000
758,Chitra,28,63000
759,Deepak,35,74000
760,Esha,23,45000
761,Amit,30,51000
762,Bhavesh,25,42000
763,Chitra,28,63000
764,Deepak,35,74000
765,Esha,23,45000
766,Amit,30,51000
767,Bhavesh,25,42000
768,Chitra,28,63000
769,Deepak,35,74000
770,Esha,23,45000
771,Amit,30,51000
772,Bhavesh,25,42000
773,Chitra,28,63000
774,Deepak,35,74000
775,Esha,23,45000
776,Amit,30,51000
777,Bhavesh,25,42000
778,Chitra,28,63000
779,Deepak,35,74000
780,Esha,23,45000
781,Amit,30,51000
782,Bhavesh,25,42000
783,Chitra,28,63000
784,Deepak,35,74000
785,Esha,23,45000
786,Amit,30,51000
787,Bhavesh,25,42000
788,Chitra,28,63000
789,Deepak,35,74000
790,Esha,23,45000
791,Amit,30,51000
792,Bhavesh,25,42000
793,Chitra,28,63000
794,Deepak,35,74000
795,Esha,23,45000
796,Amit,30,51000
797,Bhavesh,25,42000
798,Chitra,28,63000
799,Deepak,35,74000
800,Esha,23,45000
801,Amit,30,51000
802,Bhavesh,25,42000
803,Chitra,28,63000
804,Deepak,35,74000
805,Esha,23,45000
806,Amit,30,51000
807,Bhavesh,25,42000
808,Chitra,28,63000
809,Deepak,35,74000
810,Esha,23,45000
811,Amit,30,51000
812,Bhavesh,25,42000
813,Chitra,28,63000
814,Deepak,35,74000
815,Esha,23,45000
816,Amit,30,51000
817,Bhavesh,25,42000
818,Chitra,28,63000
819,Deepak,35,74000
820,Esha,23,45000
821,Amit,30,51000
822,Bhavesh,25,42000
823,Chitra,28,63000
824,Deepak,35,74000
825,Esha,23,45000
826,Amit,30,51000
827,Bhavesh,25,42000
828,Chitra,28,63000
829,Deepak,35,74000
830,Esha,23,45000
831,Amit,30,51000
832,Bhavesh,25,42000
833,Chitra,28,63000
834,Deepak,35,74000
835,Esha,23,45000
836,Amit,30,51000
837,Bhavesh,25,42000
838,Chitra,28,63000
839,Deepak,35,74000
840,Esha,23,45000
841,Amit,30,51000
842,Bhavesh,25,42000
843,Chitra,28,63000
844,Deepak,35,74000
845,Esha,23,45000
846,Amit,30,51000
847,Bhavesh,25,42000
848,Chitra,28,63000
849,Deepak,35,74000
850,Esha,23,45000
851,Amit,30,51000
852,Bhavesh,25,42000
853,Chitra,28,63000
854,Deepak,35,74000
855,Esha,23,45000
856,Amit,30,51000
857,Bhavesh,25,42000
858,Chitra,28,63000
859,Deepak,35,74000
860,Esha,23,45000
861,Amit,30,51000
862,Bhavesh,25,42000
863,Chitra,28,63000
864,Deepak,35,74000
865,Esha,23,45000
866,Amit,30,51000
867,Bhavesh,25,42000
868,Chitra,28,63000
869,Deepak,35,74000
870,Esha,23,45000
871,Amit,30,51000
872,Bhavesh,25,42000
873,Chitra,28,63000
874,Deepak,35,74000
875,Esha,23,45000
876,Amit,30,51000
877,Bhavesh,25,42000
878,Chitra,28,63000
879,Deepak,35,74000
880,Esha,23,45000
881,Amit,30,51000
882,Bhavesh,25,42000
883,Chitra,28,63000
884,Deepak,35,74000
885,Esha,23,45000
886,Amit,30,51000
887,Bhavesh,25,42000
888,Chitra,28,63000
889,Deepak,35,74000
890,Esha,23,45000
891,Amit,30,51000
892,Bhavesh,25,42000
893,Chitra,28,63000
894,Deepak,35,74000
895,Esha,23,45000
896,Amit,30,51000
897,Bhavesh,25,42000
898,Chitra,28,63000
899,Deepak,35,74000
900,Esha,23,45000
901,Amit,30,51000
902,Bhavesh,25,42000
903,Chitra,28,63000
904,Deepak,35,74000
905,Esha,23,45000
906,Amit,30,51000
907,Bhavesh,25,42000
908,Chitra,28,63000
909,Deepak,35,74000
910,Esha,23,45000
911,Amit,30,51000
912,Bhavesh,25,42000
913,Chitra,28,63000
914,Deepak,35,74000
915,Esha,23,45000
916,Amit,30,51000
917,Bhavesh,25,42000
918,Chitra,28,63000
919,Deepak,35,74000
920,Esha,23,45000
921,Amit,30,51000
922,Bhavesh,25,42000
923,Chitra,28,63000
924,Deepak,35,74000
925,Esha,23,45000
926,Amit,30,51000
927,Bhavesh,25,42000
928,Chitra,28,63000
929,Deepak,35,74000
930,Esha,23,45000
931,Amit,30,51000
932,Bhavesh,25,42000
933,Chitra,28,63000
934,Deepak,35,74000
935,Esha,23,45000
936,Amit,30,51000
937,Bhavesh,25,42000
938,Chitra,28,63000
939,Deepak,35,74000
940,Esha,23,45000
941,Amit,30,51000
942,Bhavesh,25,42000
943,Chitra,28,63000
944,Deepak,35,74000
945,Esha,23,45000
946,Amit,30,51000
947,Bhavesh,25,42000
948,Chitra,28,63000
949,Deepak,35,74000
950,Esha,23,45000
951,Amit,30,51000
952,Bhavesh,25,42000
953,Chitra,28,63000
954,Deepak,35,74000
955,Esha,23,45000
956,Amit,30,51000
957,Bhavesh,25,42000
958,Chitra,28,63000
959,Deepak,35,74000
960,Esha,23,45000
961,Amit,30,51000
962,Bhavesh,25,42000
963,Chitra,28,63000
964,Deepak,35,74000
965,Esha,23,45000
966,Amit,30,51000
967,Bhavesh,25,42000
968,Chitra,28,63000
969,Deepak,35,74000
970,Esha,23,45000
971,Amit,30,51000
972,Bhavesh,25,42000
973,Chitra,28,63000
974,Deepak,35,74000
975,Esha,23,45000
976,Amit,30,51000
977,Bhavesh,25,42000
978,Chitra,28,63000
979,Deepak,35,74000
980,Esha,23,45000
981,Amit,30,51000
982,Bhavesh,25,42000
983,Chitra,28,63000
984,Deepak,35,74000
985,Esha,23,45000
986,Amit,30,51000
987,Bhavesh,25,42000
988,Chitra,28,63000
989,Deepak,35,74000
990,Esha,23,45000
991,Amit,30,51000
992,Bhavesh,25,42000
993,Chitra,28,63000
994,Deepak,35,74000
995,Esha,23,45000
996,Amit,30,45000
997,Bhavesh,25,45000
998,Chitra,28,45000
999,Deepak,35,45000
1000,Esha,23,45000
1001,Deepak,26,45000
1002,Esha,26,45000
1003,Deepak,26,45000
1004,Esha,26,45000
1005,Deepak,26,45000
1006,Esha,26,45000
1007,Deepak,26,45000
1008,Esha,26,45000
1009,Deepak,26,45000
1010,Esha,26,45000
1011,Deepak,26,45000
1012,Esha,26,45000
1013,Deepak,26,45000
1014,Esha,26,45000
1015,Deepak,26,45000
1016,Esha,26,45000
1017,Deepak,26,45000
1018,Esha,26,45000
1019,Deepak,26,45000
1020,Esha,26,45000
1021,Deepak,26,45000
1022,Esha,26,45000
1023,Deepak,26,45000
1024,Esha,26,45000
1025,Deepak,26,45000
1026,Esha,26,45000
1027,Deepak,26,45000
1028,Esha,26,45000
1029,Deepak,26,45000
1030,Esha,26,45000
1031,Deepak,26,45000
1032,Esha,26,45000
1033,Deepak,26,45000
1034,Esha,26,45000
1035,Deepak,26,45000
1036,Esha,26,45000
1037,Deepak,26,45000
1038,Esha,26,45000
1039,Deepak,26,45000
1040,Esha,26,45000
1041,Deepak,26,45000
1042,Esha,26,45000
1043,Deepak,26,45000
1044,Esha,26,45000
1045,Deepak,26,45000
1046,Esha,26,45000
1047,Deepak,26,45000
1048,Esha,26,45000
1049,Deepak,26,45000
1050,Esha,26,45000
1051,Deepak,26,45000
1052,Esha,26,45000
1053,Deepak,26,45000
1054,Esha,26,45000
1055,Deepak,26,45000
1056,Esha,26,45000
1057,Deepak,26,45000
1058,Esha,26,45000
1059,Deepak,26,45000
1060,Esha,26,45000
1061,Deepak,26,45000
1062,Esha,26,45000
1063,Deepak,26,45000
1064,Esha,26,45000
1065,Deepak,26,45000
1066,Esha,26,45000
1067,Deepak,26,45000
1068,Esha,26,45000
1069,Deepak,26,45000
1070,Esha,26,45000
1071,Deepak,26,45000
1072,Esha,26,45000
1073,Deepak,26,45000
1074,Esha,26,45000
1075,Deepak,26,45000
1076,Esha,26,45000
1077,Deepak,26,45000
1078,Esha,26,45000
1079,Deepak,26,45000
1080,Esha,26,45000
1081,Deepak,26,45000
1082,Esha,26,45000
1083,Deepak,26,45000
1084,Esha,26,45000
1085,Deepak,26,45000
1086,Esha,26,45000
1087,Deepak,26,45000
1088,Esha,26,45000
1089,Deepak,26,45000
1090,Esha,26,45000
1091,Deepak,26,45000
1092,Esha,26,45000
1093,Deepak,26,45000
1094,Esha,26,45000
1095,Deepak,26,45000
1096,Esha,26,45000
1097,Deepak,26,45000
1098,Esha,26,45000
1099,Deepak,26,45000
1100,Esha,26,45000
1101,Deepak,26,45000
1102,Esha,26,45000
1103,Deepak,26,45000
1104,Esha,26,45000
1105,Deepak,26,45000
1106,Esha,26,45000
1107,Deepak,26,45000
1108,Esha,26,45000
1109,Deepak,26,45000
1110,Esha,26,45000
1111,Deepak,26,45000
1112,Esha,26,45000
1113,Deepak,26,45000
1114,Esha,26,45000
1115,Deepak,26,45000
1116,Esha,26,45000
1117,Deepak,26,45000
1118,Esha,26,45000
1119,Deepak,26,45000
1120,Esha,26,45000
1121,Deepak,26,45000
1122,Esha,26,45000
1123,Deepak,26,45000
1124,Esha,26,45000
1125,Deepak,26,45000
1126,Esha,26,45000
1127,Deepak,26,45000
1128,Esha,26,45000
1129,Deepak,26,45000
1130,Esha,26,45000
1131,Deepak,26,45000
1132,Esha,26,45000
1133,Deepak,26,45000
1134,Esha,26,45000
1135,Deepak,26,45000
1136,Esha,26,45000
1137,Deepak,26,45000
1138,Esha,26,45000
1139,Deepak,26,45000
1140,Esha,26,45000
1141,Deepak,26,45000
1142,Esha,26,45000
1143,Deepak,26,45000
1144,Esha,26,45000
1145,Deepak,26,45000
1146,Esha,26,45000
1147,Deepak,26,45000
1148,Esha,26,45000
1149,Deepak,26,45000
1150,Esha,26,45000
1151,Deepak,26,45000
1152,Esha,26,45000
1153,Deepak,26,45000
1154,Esha,26,45000
1155,Deepak,26,45000
1156,Esha,26,45000
1157,Deepak,26,45000
1158,Esha,26,45000
1159,Deepak,26,45000
1160,Esha,26,45000
1161,Deepak,26,45000
1162,Esha,26,45000
1163,Deepak,26,45000
1164,Esha,26,45000
1165,Deepak,26,45000
1166,Esha,26,45000
1167,Deepak,26,45000
1168,Esha,26,45000
1169,Deepak,26,45000
1170,Esha,26,45000
1171,Deepak,26,45000
1172,Esha,26,45000
1173,Deepak,26,45000
1174,Esha,26,45000
1175,Deepak,26,45000
1176,Esha,26,45000
1177,Deepak,26,45000
1178,Esha,26,45000
1179,Deepak,26,45000
1180,Esha,26,45000
1181,Deepak,26,45000
1182,Esha,26,45000
1183,Deepak,26,45000
1184,Esha,26,45000
1185,Deepak,26,45000
1186,Esha,26,45000
1187,Deepak,26,45000
1188,Esha,26,45000
1189,Deepak,26,45000
1190,Esha,26,45000
1191,Deepak,26,45000
1192,Esha,26,45000
1193,Deepak,26,45000
1194,Esha,26,45000
1195,Deepak,26,45000
1196,Esha,26,45000
1197,Deepak,26,45000
1198,Esha,26,45000
1199,Deepak,26,45000
1200,Esha,26,45000
1201,Deepak,26,45000
1202,Esha,26,45000
1203,Deepak,26,45000
1204,Esha,26,45000
1205,Deepak,26,45000
1206,Esha,26,45000
1207,Deepak,26,45000
1208,Esha,26,45000
1209,Deepak,26,45000
1210,Esha,26,45000
1211,Deepak,26,45000
1212,Esha,26,45000
1213,Deepak,26,45000
1214,Esha,26,45000
1215,Deepak,26,45000
1216,Esha,26,45000
1217,Deepak,26,45000
1218,Esha,26,45000
1219,Deepak,26,45000
1220,Esha,26,45000
1221,Deepak,26,45000
1222,Esha,26,45000
1223,Deepak,26,45000
1224,Esha,26,45000
1225,Deepak,26,45000
1226,Esha,26,45000
1227,Deepak,26,45000
1228,Esha,26,45000
1229,Deepak,26,45000
1230,Esha,26,45000
1231,Deepak,26,45000
1232,Esha,26,45000
1233,Deepak,26,45000
1234,Esha,26,45000
1235,Deepak,26,45000
1236,Esha,26,45000
1237,Deepak,26,45000
1238,Esha,26,45000
1239,Deepak,26,45000
1240,Esha,26,45000
1241,Deepak,26,45000
1242,Esha,26,45000
1243,Deepak,26,45000
1244,Esha,26,45000
1245,Deepak,26,45000
1246,Esha,26,45000
1247,Deepak,26,45000
1248,Esha,26,45000
1249,Deepak,26,45000
1250,Esha,26,45000
1251,Deepak,26,45000
1252,Esha,26,45000
1253,Deepak,26,45000
1254,Esha,26,45000
1255,Deepak,26,45000
1256,Esha,26,45000
1257,Deepak,26,45000
1258,Esha,26,45000
1259,Deepak,26,45000
1260,Esha,26,45000
1261,Deepak,26,45000
1262,Esha,26,45000
1263,Deepak,26,45000
1264,Esha,26,45000
1265,Deepak,26,45000
1266,Esha,26,45000
1267,Deepak,26,45000
1268,Esha,26,45000
1269,Deepak,26,45000
1270,Esha,26,45000
1271,Deepak,26,45000
1272,Esha,26,45000
1273,Deepak,26,45000
1274,Esha,26,45000
1275,Deepak,26,45000
1276,Esha,26,45000
1277,Deepak,26,45000
1278,Esha,26,45000
1279,Deepak,26,45000
1280,Esha,26,45000
1281,Deepak,26,45000
1282,Esha,26,45000
1283,Deepak,26,45000
1284,Esha,26,45000
1285,Deepak,26,45000
1286,Esha,26,45000
1287,Deepak,26,45000
1288,Esha,26,45000
1289,Deepak,26,45000
1290,Esha,26,45000
1291,Deepak,26,45000
1292,Esha,26,45000
1293,Deepak,26,45000
1294,Esha,26,45000
1295,Deepak,26,45000
1296,Esha,26,45000
1297,Deepak,26,45000
1298,Esha,26,45000
1299,Deepak,26,45000
1300,Esha,26,45000
1301,Deepak,26,45000
1302,Esha,26,45000
1303,Deepak,26,45000
1304,Esha,26,45000
1305,Deepak,26,45000
1306,Esha,26,45000
1307,Deepak,26,45000
1308,Esha,26,45000
1309,Deepak,26,45000
1310,Esha,26,45000
1311,Deepak,26,45000
1312,Esha,26,45000
1313,Deepak,26,45000
1314,Esha,26,45000
1315,Deepak,26,45000
1316,Esha,26,45000
1317,Deepak,26,45000
1318,Esha,26,45000
1319,Deepak,26,45000
1320,Esha,26,45000
1321,Deepak,26,45000
1322,Esha,26,45000
1323,Deepak,26,45000
1324,Esha,26,45000
1325,Deepak,26,45000
1326,Esha,26,45000
1327,Deepak,26,45000
1328,Esha,26,45000
1329,Deepak,26,45000
1330,Esha,26,45000
1331,Deepak,26,45000
1332,Esha,26,45000
1333,Deepak,26,45000
1334,Esha,26,45000
1335,Deepak,26,45000
1336,Esha,26,45000
1337,Deepak,26,45000
1338,Esha,26,45000
1339,Deepak,26,45000
1340,Esha,26,45000
1341,Deepak,26,45000
1342,Esha,26,45000
1343,Deepak,26,45000
1344,Esha,26,45000
1345,Deepak,26,45000
1346,Esha,26,45000
1347,Deepak,26,45000
1348,Esha,26,45000
1349,Deepak,26,45000
1350,Esha,26,45000
1351,Deepak,26,45000
1352,Esha,26,45000
1353,Deepak,26,45000
1354,Esha,26,45000
1355,Deepak,26,45000
1356,Esha,26,45000
1357,Deepak,26,45000
1358,Esha,26,45000
1359,Deepak,26,45000
1360,Esha,26,45000
1361,Deepak,26,45000
1362,Esha,26,45000
1363,Deepak,26,45000
1364,Esha,26,45000
1365,Deepak,26,45000
1366,Esha,26,45000
1367,Deepak,26,45000
1368,Esha,26,45000
1369,Deepak,26,45000
1370,Esha,26,45000
1371,Deepak,26,45000
1372,Esha,26,45000
1373,Deepak,26,45000
1374,Esha,26,45000
1375,Deepak,26,45000
1376,Esha,26,45000
1377,Deepak,26,45000
1378,Esha,26,45000
1379,Deepak,26,45000
1380,Esha,26,45000
1381,Deepak,26,45000
1382,Esha,26,45000
1383,Deepak,26,45000
1384,Esha,26,45000
1385,Deepak,26,45000
1386,Esha,26,45000
1387,Deepak,26,45000
1388,Esha,26,45000
1389,Deepak,26,45000
1390,Esha,26,45000
1391,Deepak,26,45000
1392,Esha,26,45000
1393,Deepak,26,45000
1394,Esha,26,45000
1395,Deepak,26,45000
1396,Esha,26,45000
1397,Deepak,26,45000
1398,Esha,26,45000
1399,Deepak,26,45000
1400,Esha,26,45000
1401,Deepak,26,45000
1402,Esha,26,45000
1403,Deepak,26,45000
1404,Esha,26,45000
1405,Deepak,26,45000
1406,Esha,26,45000
1407,Deepak,26,45000
1408,Esha,26,45000
1409,Deepak,26,45000
1410,Esha,26,45000
1411,Deepak,26,45000
1412,Esha,26,45000
1413,Deepak,26,45000
1414,Esha,26,45000
1415,Deepak,26,45000
1416,Esha,26,45000
1417,Deepak,26,45000
1418,Esha,26,45000
1419,Deepak,26,45000
1420,Esha,26,45000
1421,Deepak,26,45000
1422,Esha,26,45000
1423,Deepak,26,45000
1424,Esha,26,45000
1425,Deepak,26,45000
1426,Esha,26,45000
1427,Deepak,26,45000
1428,Esha,26,45000
1429,Deepak,26,45000
1430,Esha,26,45000
1431,Deepak,26,45000
1432,Esha,26,45000
1433,Deepak,26,45000
1434,Esha,26,45000
1435,Deepak,26,45000
1436,Esha,26,45000
1437,Deepak,26,45000
1438,Esha,26,45000
1439,Deepak,26,45000
1440,Esha,26,45000
1441,Deepak,26,45000
1442,Esha,26,45000
1443,Deepak,26,45000
1444,Esha,26,45000
1445,Deepak,26,45000
1446,Esha,26,45000
1447,Deepak,26,45000
1448,Esha,26,45000
1449,Deepak,26,45000
1450,Esha,26,45000
1451,Deepak,26,45000
1452,Esha,26,45000
1453,Deepak,26,45000
1454,Esha,26,45000
1455,Deepak,26,45000
1456,Esha,26,45000
1457,Deepak,26,45000
1458,Esha,26,45000
1459,Deepak,26,45000
1460,Esha,26,45000
1461,Deepak,26,45000
1462,Esha,26,45000
1463,Deepak,26,45000
1464,Esha,26,45000
1465,Deepak,26,45000
1466,Esha,26,45000
1467,Deepak,26,45000
1468,Esha,26,45000
1469,Deepak,26,45000
1470,Esha,26,45000
1471,Deepak,26,45000
1472,Esha,26,45000
1473,Deepak,26,45000
1474,Esha,26,45000
1475,Deepak,26,45000
1476,Esha,26,45000
1477,Deepak,26,45000
1478,Esha,26,45000
1479,Deepak,26,45000
1480,Esha,26,45000
1481,Deepak,26,45000
1482,Esha,26,45000
1483,Deepak,26,45000
1484,Esha,26,45000
1485,Deepak,26,45000
1486,Esha,26,45000
1487,Deepak,26,45000
1488,Esha,26,45000
1489,Deepak,26,45000
1490,Esha,26,45000
1491,Deepak,26,45000
1492,Esha,26,45000
1493,Deepak,26,45000
1494,Esha,26,45000
1495,Deepak,26,45000
1496,Esha,26,45000
1497,Deepak,26,45000
1498,Esha,26,45000
1499,Deepak,26,45000
1500,Esha,26,45000
1501,Deepak,26,45000
1502,Esha,26,45000
1503,Deepak,26,45000
1504,Esha,26,45000
1505,Deepak,26,45000
1506,Esha,26,45000
1507,Deepak,26,45000
1508,Esha,26,45000
1509,Deepak,26,45000
1510,Esha,26,45000
1511,Deepak,26,45000
1512,Esha,26,45000
1513,Deepak,26,45000
1514,Esha,26,45000
1515,Deepak,26,45000
1516,Esha,26,45000
1517,Deepak,26,45000
1518,Esha,26,45000
1519,Deepak,26,45000
1520,Esha,26,45000
1521,Deepak,26,45000
1522,Esha,26,45000
1523,Deepak,26,45000
1524,Esha,26,45000
1525,Deepak,26,45000
1526,Esha,26,45000
1527,Deepak,26,45000
1528,Esha,26,45000
1529,Deepak,26,45000
1530,Esha,26,45000
1531,Deepak,26,45000
1532,Esha,26,45000
1533,Deepak,26,45000
1534,Esha,26,45000
1535,Deepak,26,45000
1536,Esha,26,45000
1537,Deepak,26,45000
1538,Esha,26,45000
1539,Deepak,26,45000
1540,Esha,26,45000
1541,Deepak,26,45000
1542,Esha,26,45000
1543,Deepak,26,45000
1544,Esha,26,45000
1545,Deepak,26,45000
1546,Esha,26,45000
1547,Deepak,26,45000
1548,Esha,26,45000
1549,Deepak,26,45000
1550,Esha,26,45000
1551,Deepak,26,45000
1552,Esha,26,45000
1553,Deepak,26,45000
1554,Esha,26,45000
1555,Deepak,26,45000
1556,Esha,26,45000
1557,Deepak,26,45000
1558,Esha,26,45000
1559,Deepak,26,45000
1560,Esha,26,45000
1561,Deepak,26,45000
1562,Esha,26,45000
1563,Deepak,26,45000
1564,Esha,26,45000
1565,Deepak,26,45000
1566,Esha,26,45000
1567,Deepak,26,45000
1568,Esha,26,45000
1569,Deepak,26,45000
1570,Esha,26,45000
1571,Deepak,26,45000
1572,Esha,26,45000
1573,Deepak,26,45000
1574,Esha,26,45000
1575,Deepak,26,45000
1576,Esha,26,45000
1577,Deepak,26,45000
1578,Esha,26,45000
1579,Deepak,26,45000
1580,Esha,26,45000
1581,Deepak,26,45000
1582,Esha,26,45000
1583,Deepak,26,45000
1584,Esha,26,45000
1585,Deepak,26,45000
1586,Esha,26,45000
1587,Deepak,26,45000
1588,Esha,26,45000
1589,Deepak,26,45000
1590,Esha,26,45000
1591,Deepak,26,45000
1592,Esha,26,45000
1593,Deepak,26,45000
1594,Esha,26,45000
1595,Deepak,26,45000
1596,Esha,26,45000
1597,Deepak,26,45000
1598,Esha,26,45000
1599,Deepak,26,45000
1600,Esha,26,45000
1601,Deepak,26,45000
1602,Esha,26,45000
1603,Deepak,26,45000
1604,Esha,26,45000
1605,Deepak,26,45000
1606,Esha,26,45000
1607,Deepak,26,45000
1608,Esha,26,45000
1609,Deepak,26,45000
1610,Esha,26,45000
1611,Deepak,26,45000
1612,Esha,26,45000
1613,Deepak,26,45000
1614,Esha,26,45000
1615,Deepak,26,45000
1616,Esha,26,45000
1617,Deepak,26,45000
1618,Esha,26,45000
1619,Deepak,26,45000
1620,Esha,26,45000
1621,Deepak,26,45000
1622,Esha,26,45000
1623,Deepak,26,45000
1624,Esha,26,45000
1625,Deepak,26,45000
1626,Esha,26,45000
1627,Deepak,26,45000
1628,Esha,26,45000
1629,Deepak,26,45000
1630,Esha,26,45000
1631,Deepak,26,45000
1632,Esha,26,45000
1633,Deepak,26,45000
1634,Esha,26,45000
1635,Deepak,26,45000
1636,Esha,26,45000
1637,Deepak,26,45000
1638,Esha,26,45000
1639,Deepak,26,45000
1640,Esha,26,45000
1641,Deepak,26,45000
1642,Esha,26,45000
1643,Deepak,26,45000
1644,Esha,26,45000
1645,Deepak,26,45000
1646,Esha,26,45000
1647,Deepak,26,45000
1648,Esha,26,45000
1649,Deepak,26,45000
1650,Esha,26,45000
1651,Deepak,26,45000
1652,Esha,26,45000
1653,Deepak,26,45000
1654,Esha,26,45000
1655,Deepak,26,45000
1656,Esha,26,45000
1657,Deepak,26,45000
1658,Esha,26,45000
1659,Deepak,26,45000
1660,Esha,26,45000
1661,Deepak,26,45000
1662,Esha,26,45000
1663,Deepak,26,45000
1664,Esha,26,45000
1665,Deepak,26,45000
1666,Esha,26,45000
1667,Deepak,26,45000
1668,Esha,26,45000
1669,Deepak,26,45000
1670,Esha,26,45000
1671,Deepak,26,45000
1672,Esha,26,45000
1673,Deepak,26,45000
1674,Esha,26,45000
1675,Deepak,26,45000
1676,Esha,26,45000
1677,Deepak,26,45000
1678,Esha,26,45000
1679,Deepak,26,45000
1680,Esha,26,45000
1681,Deepak,26,45000
1682,Esha,26,45000
1683,Deepak,26,45000
1684,Esha,26,45000
1685,Deepak,26,45000
1686,Esha,26,45000
1687,Deepak,26,45000
1688,Esha,26,45000
1689,Deepak,26,45000
1690,Esha,26,45000
1691,Deepak,26,45000
1692,Esha,26,45000
1693,Deepak,26,45000
1694,Esha,26,45000
1695,Deepak,26,45000
1696,Esha,26,45000
1697,Deepak,26,45000
1698,Esha,26,45000
1699,Deepak,26,45000
1700,Esha,26,45000
1701,Deepak,26,45000
1702,Esha,26,45000
1703,Deepak,26,45000
1704,Esha,26,45000
1705,Deepak,26,45000
1706,Esha,26,45000
1707,Deepak,26,45000
1708,Esha,26,45000
1709,Deepak,26,45000
1710,Esha,26,45000
1711,Deepak,26,45000
1712,Esha,26,45000
1713,Deepak,26,45000
1714,Esha,26,45000
1715,Deepak,26,45000
1716,Esha,26,45000
1717,Deepak,26,45000
1718,Esha,26,45000
1719,Deepak,26,45000
1720,Esha,26,45000
1721,Deepak,26,45000
1722,Esha,26,45000
1723,Deepak,26,45000
1724,Esha,26,45000
1725,Deepak,26,45000
1726,Esha,26,45000
1727,Deepak,26,45000
1728,Esha,26,45000
1729,Deepak,26,45000
1730,Esha,26,45000
1731,Deepak,26,45000
1732,Esha,26,45000
1733,Deepak,26,45000
1734,Esha,26,45000
1735,Deepak,26,45000
1736,Esha,26,45000
1737,Deepak,26,45000
1738,Esha,26,45000
1739,Deepak,26,45000
1740,Esha,26,45000
1741,Deepak,26,45000
1742,Esha,26,45000
1743,Deepak,26,45000
1744,Esha,26,45000
1745,Deepak,26,45000
1746,Esha,26,45000
1747,Deepak,26,45000
1748,Esha,26,45000
1749,Deepak,26,45000
1750,Esha,26,45000
1751,Deepak,26,45000
1752,Esha,26,45000
1753,Deepak,26,45000
1754,Esha,26,45000
1755,Deepak,26,45000
1756,Esha,26,45000
1757,Deepak,26,45000
1758,Esha,26,45000
1759,Deepak,26,45000
1760,Esha,26,45000
1761,Deepak,26,45000
1762,Esha,26,45000
1763,Deepak,26,45000
1764,Esha,26,45000
1765,Deepak,26,45000
1766,Esha,26,45000
1767,Deepak,26,45000
1768,Esha,26,45000
1769,Deepak,26,45000
1770,Esha,26,45000
1771,Deepak,26,45000
1772,Esha,26,45000
1773,Deepak,26,45000
1774,Esha,26,45000
1775,Deepak,26,45000
1776,Esha,26,45000
1777,Deepak,26,45000
1778,Esha,26,45000
1779,Deepak,26,45000
1780,Esha,26,45000
1781,Deepak,26,45000
1782,Esha,26,45000
1783,Deepak,26,45000
1784,Esha,26,45000
1785,Deepak,26,45000
1786,Esha,26,45000
1787,Deepak,26,45000
1788,Esha,26,45000
1789,Deepak,26,45000
1790,Esha,26,45000
1791,Deepak,26,45000
1792,Esha,26,45000
1793,Deepak,26,45000
1794,Esha,26,45000
1795,Deepak,26,45000
1796,Esha,26,45000
1797,Deepak,26,45000
1798,Esha,26,45000
1799,Deepak,26,45000
1800,Esha,26,45000
1801,Deepak,26,45000
1802,Esha,26,45000
1803,Deepak,26,45000
1804,Esha,26,45000
1805,Deepak,26,45000
1806,Esha,26,45000
1807,Deepak,26,45000
1808,Esha,26,45000
1809,Deepak,26,45000
1810,Esha,26,45000
1811,Deepak,26,45000
1812,Esha,26,45000
1813,Deepak,26,45000
1814,Esha,26,45000
1815,Deepak,26,45000
1816,Esha,26,45000
1817,Deepak,26,45000
1818,Esha,26,45000
1819,Deepak,26,45000
1820,Esha,26,45000
1821,Deepak,26,45000
1822,Esha,26,45000
1823,Deepak,26,45000
1824,Esha,26,45000
1825,Deepak,26,45000
1826,Esha,26,45000
1827,Deepak,26,45000
1828,Esha,26,45000
1829,Deepak,26,45000
1830,Esha,26,45000
1831,Deepak,26,45000
1832,Esha,26,45000
1833,Deepak,26,45000
1834,Esha,26,45000
1835,Deepak,26,45000
1836,Esha,26,45000
1837,Deepak,26,45000
1838,Esha,26,45000
1839,Deepak,26,45000
1840,Esha,26,45000
1841,Deepak,26,45000
1842,Esha,26,45000
1843,Deepak,26,45000
1844,Esha,26,45000
1845,Deepak,26,45000
1846,Esha,26,45000
1847,Deepak,26,45000
1848,Esha,26,45000
1849,Deepak,26,45000
1850,Esha,26,45000
1851,Deepak,26,45000
1852,Esha,26,45000
1853,Deepak,26,45000
1854,Esha,26,45000
1855,Deepak,26,45000
1856,Esha,26,45000
1857,Deepak,26,45000
1858,Esha,26,45000
1859,Deepak,26,45000
1860,Esha,26,45000
1861,Deepak,26,45000
1862,Esha,26,45000
1863,Deepak,26,45000
1864,Esha,26,45000
1865,Deepak,26,45000
1866,Esha,26,45000
1867,Deepak,26,45000
1868,Esha,26,45000
1869,Deepak,26,45000
1870,Esha,26,45000
1871,Deepak,26,45000
1872,Esha,26,45000
1873,Deepak,26,45000
1874,Esha,26,45000
1875,Deepak,26,45000
1876,Esha,26,45000
1877,Deepak,26,45000
1878,Esha,26,45000
1879,Deepak,26,45000
1880,Esha,26,45000
1881,Deepak,26,45000
1882,Esha,26,45000
1883,Deepak,26,45000
1884,Esha,26,45000
1885,Deepak,26,45000
1886,Esha,26,45000
1887,Deepak,26,45000
1888,Esha,26,45000
1889,Deepak,26,45000
1890,Esha,26,45000
1891,Deepak,26,45000
1892,Esha,26,45000
1893,Deepak,26,45000
1894,Esha,26,45000
1895,Deepak,26,45000
1896,Esha,26,45000
1897,Deepak,26,45000
1898,Esha,26,45000
1899,Deepak,26,45000
1900,Esha,26,45000
1901,Deepak,26,45000
1902,Esha,26,45000
1903,Deepak,26,45000
1904,Esha,26,45000
1905,Deepak,26,45000
1906,Esha,26,45000
1907,Deepak,26,45000
1908,Esha,26,45000
1909,Deepak,26,45000
1910,Esha,26,45000
1911,Deepak,26,45000
1912,Esha,26,45000
1913,Deepak,26,45000
1914,Esha,26,45000
1915,Deepak,26,45000
1916,Esha,26,45000
1917,Deepak,26,45000
1918,Esha,26,45000
1919,Deepak,26,45000
1920,Esha,26,45000
1921,Deepak,26,45000
1922,Esha,26,45000
1923,Deepak,26,45000
1924,Esha,26,45000
1925,Deepak,26,45000
1926,Esha,26,45000
1927,Deepak,26,45000
1928,Esha,26,45000
1929,Deepak,26,45000
1930,Esha,26,45000
1931,Deepak,26,45000
1932,Esha,26,45000
1933,Deepak,26,45000
1934,Esha,26,45000
1935,Deepak,26,45000
1936,Esha,26,45000
1937,Deepak,26,45000
1938,Esha,26,45000
1939,Deepak,26,45000
1940,Esha,26,45000
1941,Deepak,26,45000
1942,Esha,26,45000
1943,Deepak,26,45000
1944,Esha,26,45000
1945,Deepak,26,45000
1946,Esha,26,45000
1947,Deepak,26,45000
1948,Esha,26,45000
1949,Deepak,26,45000
1950,Esha,26,45000
1951,Deepak,26,45000
1952,Esha,26,45000
1953,Deepak,26,45000
1954,Esha,26,45000
1955,Deepak,26,45000
1956,Esha,26,45000
1957,Deepak,26,45000
1958,Esha,26,45000
1959,Deepak,26,45000
1960,Esha,26,45000
1961,Deepak,26,45000
1962,Esha,26,45000
1963,Deepak,26,45000
1964,Esha,26,45000
1965,Deepak,26,45000
1966,Esha,26,45000
1967,Deepak,26,45000
1968,Esha,26,45000
1969,Deepak,26,45000
1970,Esha,26,45000
1971,Deepak,26,45000
1972,Esha,26,45000
1973,Deepak,26,45000
1974,Esha,26,45000
1975,Deepak,26,45000
1976,Esha,26,45000
1977,Deepak,26,45000
1978,Esha,26,45000
1979,Deepak,26,45000
1980,Esha,26,45000
1981,Deepak,26,45000
1982,Esha,26,45000
1983,Deepak,26,45000
1984,Esha,26,45000
1985,Deepak,26,45000
1986,Esha,26,45000
1987,Deepak,26,45000
1988,Esha,26,45000
1989,Deepak,26,45000
1990,Esha,26,45000
1991,Deepak,26,45000
1992,Esha,26,45000
1993,Deepak,26,45000
1994,Esha,26,45000
1995,Deepak,26,45000
1996,Esha,26,45000
1997,Deepak,26,45000
1998,Esha,26,45000
1999,Deepak,26,45000
2000,Esha,26,45000
2001,Deepak,26,45000
2002,Esha,26,45000
2003,Deepak,26,45000
2004,Esha,26,45000
2005,Deepak,26,45000
2006,Esha,26,45000
2007,Deepak,26,45000
2008,Esha,26,45000
2009,Deepak,26,45000
2010,Esha,26,45000
2011,Deepak,26,45000
2012,Esha,26,45000
2013,Deepak,26,45000
2014,Esha,26,45000
2015,Deepak,26,45000
2016,Esha,26,45000
2017,Deepak,26,45000
2018,Esha,26,45000
2019,Deepak,26,45000
2020,Esha,26,45000
2021,Deepak,26,45000
2022,Esha,26,45000
2023,Deepak,26,45000
2024,Esha,26,45000
2025,Deepak,26,45000
2026,Esha,26,45000
2027,Deepak,26,45000
2028,Esha,26,45000
2029,Deepak,26,45000
2030,Esha,26,45000
2031,Deepak,26,45000
2032,Esha,26,45000
2033,Deepak,26,45000
2034,Esha,26,45000
2035,Deepak,26,45000
2036,Esha,26,45000
2037,Deepak,26,45000
2038,Esha,26,45000
2039,Deepak,26,45000
2040,Esha,26,45000
2041,Deepak,26,45000
2042,Esha,26,45000
2043,Deepak,26,45000
2044,Esha,26,45000
2045,Deepak,26,45000
2046,Esha,26,45000
2047,Deepak,26,45000
2048,Esha,26,45000
2049,Deepak,26,45000
2050,Esha,26,45000
2051,Deepak,26,45000
2052,Esha,26,45000
2053,Deepak,26,45000
2054,Esha,26,45000
2055,Deepak,26,45000
2056,Esha,26,45000
2057,Deepak,26,45000
2058,Esha,26,45000
2059,Deepak,26,45000
2060,Esha,26,45000
2061,Deepak,26,45000
2062,Esha,26,45000
2063,Deepak,26,45000
2064,Esha,26,45000
2065,Deepak,26,45000
2066,Esha,26,45000
2067,Deepak,26,45000
2068,Esha,26,45000
2069,Deepak,26,45000
2070,Esha,26,45000
2071,Deepak,26,45000
2072,Esha,26,45000
2073,Deepak,26,45000
2074,Esha,26,45000
2075,Deepak,26,45000
2076,Esha,26,45000
2077,Deepak,26,45000
2078,Esha,26,45000
2079,Deepak,26,45000
2080,Esha,26,48000
2081,Deepak,28,48000
2082,Esha,28,48000
2083,Deepak,28,48000
2084,Esha,28,48000
2085,Deepak,28,48000
2086,Esha,28,48000
2087,Deepak,28,48000
2088,Esha,28,48000
2089,Deepak,28,48000
2090,Esha,28,48000
2091,Deepak,28,48000
2092,Esha,28,48000
2093,Deepak,28,48000
2094,Esha,28,48000
2095,Deepak,28,48000
2096,Esha,28,48000
2097,Deepak,28,48000
2098,Esha,28,48000
2099,Deepak,28,48000
2100,Esha,28,48000
2101,Deepak,28,48000
2102,Esha,28,48000
2103,Deepak,28,48000
2104,Esha,28,48000
2105,Deepak,28,48000
2106,Esha,28,48000
2107,Deepak,28,48000
2108,Esha,28,48000
2109,Deepak,28,48000
2110,Esha,28,48000
2111,Deepak,28,48000
2112,Esha,28,48000
2113,Deepak,28,48000
2114,Esha,28,48000
2115,Deepak,28,48000
2116,Esha,28,48000
2117,Deepak,28,48000
2118,Esha,28,48000
2119,Deepak,28,48000
2120,Esha,28,48000
2121,Deepak,28,48000
2122,Esha,28,48000
2123,Deepak,28,48000
2124,Esha,28,48000
2125,Deepak,28,48000
2126,Esha,28,48000
2127,Deepak,28,48000
2128,Esha,28,48000
2129,Deepak,28,48000
2130,Esha,28,48000
2131,Deepak,28,48000
2132,Esha,28,48000
2133,Deepak,28,48000
2134,Esha,28,48000
2135,Deepak,28,48000
2136,Esha,28,48000
2137,Deepak,28,48000
2138,Esha,28,48000
2139,Deepak,28,48000
2140,Esha,28,48000
2141,Deepak,28,48000
2142,Esha,28,48000
2143,Deepak,28,48000
2144,Esha,28,48000
2145,Deepak,28,48000
2146,Esha,28,48000
2147,Deepak,28,48000
2148,Esha,28,48000
2149,Deepak,28,48000
2150,Esha,28,48000
2151,Deepak,28,48000
2152,Esha,28,48000
2153,Deepak,28,48000
2154,Esha,28,48000
2155,Deepak,28,48000
2156,Esha,28,48000
2157,Deepak,28,48000
2158,Esha,28,48000
2159,Deepak,28,48000
2160,Esha,28,48000
2161,Deepak,28,48000
2162,Esha,28,48000
2163,Deepak,28,48000
2164,Esha,28,48000
2165,Deepak,28,48000
2166,Esha,28,48000
2167,Deepak,28,48000
2168,Esha,28,48000
2169,Deepak,28,48000
2170,Esha,28,48000
2171,Deepak,28,48000
2172,Esha,28,48000
2173,Deepak,28,48000
2174,Esha,28,48000
2175,Deepak,28,48000
2176,Esha,28,48000
2177,Deepak,28,48000
2178,Esha,28,48000
2179,Deepak,28,48000
2180,Esha,28,48000
2181,Deepak,28,48000
2182,Esha,28,48000
2183,Deepak,28,48000
2184,Esha,28,48000
2185,Deepak,28,48000
2186,Esha,28,48000
2187,Deepak,28,48000
2188,Esha,28,48000
2189,Deepak,28,48000
2190,Esha,28,48000
2191,Deepak,28,48000
2192,Esha,28,48000
2193,Deepak,28,48000
2194,Esha,28,48000
2195,Deepak,28,48000
2196,Esha,28,48000
2197,Deepak,28,48000
2198,Esha,28,48000
2199,Deepak,28,48000
2200,Esha,28,48000
2201,Deepak,28,48000
2202,Esha,28,48000
2203,Deepak,28,48000
2204,Esha,28,48000
2205,Deepak,28,48000
2206,Esha,28,48000
2207,Deepak,28,48000
2208,Esha,28,48000
2209,Deepak,28,48000
2210,Esha,28,48000
2211,Deepak,28,48000
2212,Esha,28,48000
2213,Deepak,28,48000
2214,Esha,28,48000
2215,Deepak,28,48000
2216,Esha,28,48000
2217,Deepak,28,48000
2218,Esha,28,48000
2219,Deepak,28,48000
2220,Esha,28,48000
2221,Deepak,28,48000
2222,Esha,28,48000
2223,Deepak,28,48000
2224,Esha,28,48000
2225,Deepak,28,48000
2226,Esha,28,48000
2227,Deepak,28,48000
2228,Esha,28,48000
2229,Deepak,28,48000
2230,Esha,28,48000
2231,Deepak,28,48000
2232,Esha,28,48000
2233,Deepak,28,48000
2234,Esha,28,48000
2235,Deepak,28,48000
2236,Esha,28,48000
2237,Deepak,28,48000
2238,Esha,28,48000
2239,Deepak,28,48000
2240,Esha,28,48000
2241,Deepak,28,48000
2242,Esha,28,48000
2243,Deepak,28,48000
2244,Esha,28,48000
2245,Deepak,28,48000
2246,Esha,28,48000
2247,Deepak,28,48000
2248,Esha,28,48000
2249,Deepak,28,48000
2250,Esha,28,48000
2251,Deepak,28,48000
2252,Esha,28,48000
2253,Deepak,28,48000
2254,Esha,28,48000
2255,Deepak,28,48000
2256,Esha,28,48000
2257,Deepak,28,48000
2258,Esha,28,48000
2259,Deepak,28,48000
2260,Esha,28,48000
2261,Deepak,28,48000
2262,Esha,28,48000
2263,Deepak,28,48000
2264,Esha,28,48000
2265,Deepak,28,48000
2266,Esha,28,48000
2267,Deepak,28,48000
2268,Esha,28,48000
2269,Deepak,28,48000
2270,Esha,28,48000
2271,Deepak,28,48000
2272,Esha,28,48000
2273,Deepak,28,48000
2274,Esha,28,48000
2275,Deepak,28,48000
2276,Esha,28,48000
2277,Deepak,28,48000
2278,Esha,28,48000
2279,Deepak,28,48000
2280,Esha,28,48000
2281,Deepak,28,48000
2282,Esha,28,48000
2283,Deepak,28,48000
2284,Esha,28,48000
2285,Deepak,28,48000
2286,Esha,28,48000
2287,Deepak,28,48000
2288,Esha,28,48000
2289,Deepak,28,48000
2290,Esha,28,48000
2291,Deepak,28,48000
2292,Esha,28,48000
2293,Deepak,28,48000
2294,Esha,28,48000
2295,Deepak,28,48000
2296,Esha,28,48000
2297,Deepak,28,48000
2298,Esha,28,48000
2299,Deepak,28,48000
2300,Esha,28,48000
2301,Deepak,28,48000
2302,Esha,28,48000
2303,Deepak,28,48000
2304,Esha,28,48000
2305,Deepak,28,48000
2306,Esha,28,48000
2307,Deepak,28,48000
2308,Esha,28,48000
2309,Deepak,28,48000
2310,Esha,28,48000
2311,Deepak,28,48000
2312,Esha,28,48000
2313,Deepak,28,48000
2314,Esha,28,48000
2315,Deepak,28,48000
2316,Esha,28,48000
2317,Deepak,28,48000
2318,Esha,28,48000
2319,Deepak,28,48000
2320,Esha,28,48000
2321,Deepak,28,48000
2322,Esha,28,48000
2323,Deepak,28,48000
2324,Esha,28,48000
2325,Deepak,28,48000
2326,Esha,28,48000
2327,Deepak,28,48000
2328,Esha,28,48000
2329,Deepak,28,48000
2330,Esha,28,48000
2331,Deepak,28,48000
2332,Esha,28,48000
2333,Deepak,28,48000
2334,Esha,28,48000
2335,Deepak,28,48000
2336,Esha,28,48000
2337,Deepak,28,48000
2338,Esha,28,48000
2339,Deepak,28,48000
2340,Esha,28,48000
2341,Deepak,28,48000
2342,Esha,28,48000
2343,Deepak,28,48000
2344,Esha,28,48000
2345,Deepak,28,48000
2346,Esha,28,48000
2347,Deepak,28,48000
2348,Esha,28,48000
2349,Deepak,28,48000
2350,Esha,28,48000
2351,Deepak,28,48000
2352,Esha,28,48000
2353,Deepak,28,48000
2354,Esha,28,48000
2355,Deepak,28,48000
2356,Esha,28,48000
2357,Deepak,28,48000
2358,Esha,28,48000
2359,Deepak,28,48000
2360,Esha,28,48000
2361,Deepak,28,48000
2362,Esha,28,48000
2363,Deepak,28,48000
2364,Esha,28,48000
2365,Deepak,28,48000
2366,Esha,28,48000
2367,Deepak,28,48000
2368,Esha,28,48000
2369,Deepak,28,48000
2370,Esha,28,48000
2371,Deepak,28,48000
2372,Esha,28,48000
2373,Deepak,28,48000
2374,Esha,28,48000
2375,Deepak,28,48000
2376,Esha,28,48000
2377,Deepak,28,48000
2378,Esha,28,48000
2379,Deepak,28,48000
2380,Esha,28,48000
2381,Deepak,28,48000
2382,Esha,28,48000
2383,Deepak,28,48000
2384,Esha,28,48000
2385,Deepak,28,48000
2386,Esha,28,48000
2387,Deepak,28,48000
2388,Esha,28,48000
2389,Deepak,28,48000
2390,Esha,28,48000
2391,Deepak,28,48000
2392,Esha,28,48000
2393,Deepak,28,48000
2394,Esha,28,48000
2395,Deepak,28,48000
2396,Esha,28,48000
2397,Deepak,28,48000
2398,Esha,28,48000
2399,Deepak,28,48000
2400,Esha,28,48000
2401,Deepak,28,48000
2402,Esha,28,48000
2403,Deepak,28,48000
2404,Esha,28,48000
2405,Deepak,28,48000
2406,Esha,28,48000
2407,Deepak,28,48000
2408,Esha,28,48000
2409,Deepak,28,48000
2410,Esha,28,48000
2411,Deepak,28,48000
2412,Esha,28,48000
2413,Deepak,28,48000
2414,Esha,28,48000
2415,Deepak,28,48000
2416,Esha,28,48000
2417,Deepak,28,48000
2418,Esha,28,48000
2419,Deepak,28,48000
2420,Esha,28,48000
2421,Deepak,28,48000
2422,Esha,28,48000
2423,Deepak,28,48000
2424,Esha,28,48000
2425,Deepak,28,48000
2426,Esha,28,48000
2427,Deepak,28,48000
2428,Esha,28,48000
2429,Deepak,28,48000
2430,Esha,28,48000
2431,Deepak,28,48000
2432,Esha,28,48000
2433,Deepak,28,48000
2434,Esha,28,48000
2435,Deepak,28,48000
2436,Esha,28,48000
2437,Deepak,28,48000
2438,Esha,28,48000
2439,Deepak,28,48000
2440,Esha,28,48000
2441,Deepak,28,48000
2442,Esha,28,48000
2443,Deepak,28,48000
2444,Esha,28,48000
2445,Deepak,28,48000
2446,Esha,28,48000
2447,Deepak,28,48000
2448,Esha,28,48000
2449,Deepak,28,48000
2450,Esha,28,48000
2451,Deepak,28,48000
2452,Esha,28,48000
2453,Deepak,28,48000
2454,Esha,28,48000
2455,Deepak,28,48000
2456,Esha,28,48000
2457,Deepak,28,48000
2458,Esha,28,48000
2459,Deepak,28,48000
2460,Esha,28,48000
2461,Deepak,28,48000
2462,Esha,28,48000
2463,Deepak,28,48000
2464,Esha,28,48000
2465,Deepak,28,48000
2466,Esha,28,48000
2467,Deepak,28,48000
2468,Esha,28,48000
2469,Deepak,28,48000
2470,Esha,28,48000
2471,Deepak,28,48000
2472,Esha,28,48000
2473,Deepak,28,48000
2474,Esha,28,48000
2475,Deepak,28,48000
2476,Esha,28,48000
2477,Deepak,28,48000
2478,Esha,28,48000
2479,Deepak,28,48000
2480,Esha,28,48000
2481,Deepak,28,48000
2482,Esha,28,48000
2483,Deepak,28,48000
2484,Esha,28,48000
2485,Deepak,28,48000
2486,Esha,28,48000
2487,Deepak,28,48000
2488,Esha,28,48000
2489,Deepak,28,48000
2490,Esha,28,48000
2491,Deepak,28,48000
2492,Esha,28,48000
2493,Deepak,28,48000
2494,Esha,28,48000
2495,Deepak,28,48000
2496,Esha,28,48000
2497,Deepak,28,48000
2498,Esha,28,48000
2499,Deepak,28,48000
2500,Esha,28,48000
2501,Deepak,28,48000
2502,Esha,28,48000
2503,Deepak,28,48000
2504,Esha,28,48000
2505,Deepak,28,48000
2506,Esha,28,48000
2507,Deepak,28,48000
2508,Esha,28,48000
2509,Deepak,28,48000
2510,Esha,28,48000
2511,Deepak,28,48000
2512,Esha,28,48000
2513,Deepak,28,48000
2514,Esha,28,48000
2515,Deepak,28,48000
2516,Esha,28,48000
2517,Deepak,28,48000
2518,Esha,28,48000
2519,Deepak,28,48000
2520,Esha,28,48000
2521,Deepak,28,48000
2522,Esha,28,48000
2523,Deepak,28,48000
2524,Esha,28,48000
2525,Deepak,28,48000
2526,Esha,28,48000
2527,Deepak,28,48000
2528,Esha,28,48000
2529,Deepak,28,48000
2530,Esha,28,48000
2531,Deepak,28,48000
2532,Esha,28,48000
2533,Deepak,28,48000
2534,Esha,28,48000
2535,Deepak,28,48000
2536,Esha,28,48000
2537,Deepak,28,48000
2538,Esha,28,48000
2539,Deepak,28,48000
2540,Esha,28,48000
2541,Deepak,28,48000
2542,Esha,28,48000
2543,Deepak,28,48000
2544,Esha,28,48000
2545,Deepak,28,48000
2546,Esha,28,48000
2547,Deepak,28,48000
2548,Esha,28,48000
2549,Deepak,28,48000
2550,Esha,28,48000
2551,Deepak,28,48000
2552,Esha,28,48000
2553,Deepak,28,48000
2554,Esha,28,48000
2555,Deepak,28,48000
2556,Esha,28,48000
2557,Deepak,28,48000
2558,Esha,28,48000
2559,Deepak,28,48000
2560,Esha,28,48000
2561,Deepak,28,48000
2562,Esha,28,48000
2563,Deepak,28,48000
2564,Esha,28,48000
2565,Deepak,28,48000
2566,Esha,28,48000
2567,Deepak,28,48000
2568,Esha,28,48000
2569,Deepak,28,48000
2570,Esha,28,48000
2571,Deepak,28,48000
2572,Esha,28,48000
2573,Deepak,28,48000
2574,Esha,28,48000
2575,Deepak,28,48000
2576,Esha,28,48000
2577,Deepak,28,48000
2578,Esha,28,48000
2579,Deepak,28,48000
2580,Esha,28,48000
2581,Deepak,28,48000
2582,Esha,28,48000
2583,Deepak,28,48000
2584,Esha,28,48000
2585,Deepak,28,48000
2586,Esha,28,48000
2587,Deepak,28,48000
2588,Esha,28,48000
2589,Deepak,28,48000
2590,Esha,28,48000
2591,Deepak,28,48000
2592,Esha,28,48000
2593,Deepak,28,48000
2594,Esha,28,48000
2595,Deepak,28,48000
2596,Esha,28,48000
2597,Deepak,28,48000
2598,Esha,28,48000
2599,Deepak,28,48000
2600,Esha,28,48000
2601,Deepak,28,48000
2602,Esha,28,48000
2603,Deepak,28,48000
2604,Esha,28,48000
2605,Deepak,28,48000
2606,Esha,28,48000
2607,Deepak,28,48000
2608,Esha,28,48000
2609,Deepak,28,48000
2610,Esha,28,48000
2611,Deepak,28,48000
2612,Esha,28,48000
2613,Deepak,28,48000
2614,Esha,28,48000
2615,Deepak,28,48000
2616,Esha,28,48000
2617,Deepak,28,48000
2618,Esha,28,48000
2619,Deepak,28,48000
2620,Esha,28,48000
2621,Deepak,28,48000
2622,Esha,28,48000
2623,Deepak,28,48000
2624,Esha,28,48000
2625,Deepak,28,48000
2626,Esha,28,48000
2627,Deepak,28,48000
2628,Esha,28,48000
2629,Deepak,28,48000
2630,Esha,28,48000
2631,Deepak,28,48000
2632,Esha,28,48000
2633,Deepak,28,48000
2634,Esha,28,48000
2635,Deepak,28,48000
2636,Esha,28,48000
2637,Deepak,28,48000
2638,Esha,28,48000
2639,Deepak,28,48000
2640,Esha,28,48000
2641,Deepak,28,48000
2642,Esha,28,48000
2643,Deepak,28,48000
2644,Esha,28,48000
2645,Deepak,28,48000
2646,Esha,28,48000
2647,Deepak,28,48000
2648,Esha,28,48000
2649,Deepak,28,48000
2650,Esha,28,48000
2651,Deepak,28,48000
2652,Esha,28,48000
2653,Deepak,28,48000
2654,Esha,28,48000
2655,Deepak,28,48000
2656,Esha,28,48000
2657,Deepak,28,48000
2658,Esha,28,48000
2659,Deepak,28,48000
2660,Esha,28,48000
2661,Deepak,28,48000
2662,Esha,28,48000
2663,Deepak,28,48000
2664,Esha,28,48000
2665,Deepak,28,48000
2666,Esha,28,48000
2667,Deepak,28,48000
2668,Esha,28,48000
2669,Deepak,28,48000
2670,Esha,28,48000
2671,Deepak,28,48000
2672,Esha,28,48000
2673,Deepak,28,48000
2674,Esha,28,48000
2675,Deepak,28,48000
2676,Esha,28,48000
2677,Deepak,28,48000
2678,Esha,28,48000
2679,Deepak,28,48000
2680,Esha,28,48000
2681,Deepak,28,48000
2682,Esha,28,48000
2683,Deepak,28,48000
2684,Esha,28,48000
2685,Deepak,28,48000
2686,Esha,28,48000
2687,Deepak,28,48000
2688,Esha,28,48000
2689,Deepak,28,48000
2690,Esha,28,48000
2691,Deepak,28,48000
2692,Esha,28,48000
2693,Deepak,28,48000
2694,Esha,28,48000
2695,Deepak,28,48000
2696,Esha,28,48000
2697,Deepak,28,48000
2698,Esha,28,48000
2699,Deepak,28,48000
2700,Esha,28,48000
2701,Deepak,28,48000
2702,Esha,28,48000
2703,Deepak,28,48000
2704,Esha,28,48000
2705,Deepak,28,48000
2706,Esha,28,48000
2707,Deepak,28,48000
2708,Esha,28,48000
2709,Deepak,28,48000
2710,Esha,28,48000
2711,Deepak,28,48000
2712,Esha,28,48000
2713,Deepak,28,48000
2714,Esha,28,48000
2715,Deepak,28,48000
2716,Esha,28,48000
2717,Deepak,28,48000
2718,Esha,28,48000
2719,Deepak,28,48000
2720,Esha,28,48000
2721,Deepak,28,48000
2722,Esha,28,48000
2723,Deepak,28,48000
2724,Esha,28,48000
2725,Deepak,28,48000
2726,Esha,28,48000
2727,Deepak,28,48000
2728,Esha,28,48000
2729,Deepak,28,48000
2730,Esha,28,48000
2731,Deepak,28,48000
2732,Esha,28,48000
2733,Deepak,28,48000
2734,Esha,28,48000
2735,Deepak,28,48000
2736,Esha,28,48000
2737,Deepak,28,48000
2738,Esha,28,48000
2739,Deepak,28,48000
2740,Esha,28,48000
2741,Deepak,28,48000
2742,Esha,28,48000
2743,Deepak,28,48000
2744,Esha,28,48000
2745,Deepak,28,48000
2746,Esha,28,48000
2747,Deepak,28,48000
2748,Esha,28,48000
2749,Deepak,28,48000
2750,Esha,28,48000
2751,Deepak,28,48000
2752,Esha,28,48000
2753,Deepak,28,48000
2754,Esha,28,48000
2755,Deepak,28,48000
2756,Esha,28,48000
2757,Deepak,28,48000
2758,Esha,28,48000
2759,Deepak,28,48000
2760,Esha,28,48000
2761,Deepak,28,48000
2762,Esha,28,48000
2763,Deepak,28,48000
2764,Esha,28,48000
2765,Deepak,28,48000
2766,Esha,28,48000
2767,Deepak,28,48000
2768,Esha,28,48000
2769,Deepak,28,48000
2770,Esha,28,48000
2771,Deepak,28,48000
2772,Esha,28,48000
2773,Deepak,28,48000
2774,Esha,28,48000
2775,Deepak,28,48000
2776,Esha,28,48000
2777,Deepak,28,48000
2778,Esha,28,48000
2779,Deepak,28,48000
2780,Esha,28,48000
2781,Deepak,28,48000
2782,Esha,28,48000
2783,Deepak,28,48000
2784,Esha,28,48000
2785,Deepak,28,48000
2786,Esha,28,48000
2787,Deepak,28,48000
2788,Esha,28,48000
2789,Deepak,28,48000
2790,Esha,28,48000
2791,Deepak,28,48000
2792,Esha,28,48000
2793,Deepak,28,48000
2794,Esha,28,48000
2795,Deepak,28,48000
2796,Esha,28,48000
2797,Deepak,28,48000
2798,Esha,28,48000
2799,Deepak,28,48000
2800,Esha,28,48000
2801,Deepak,28,48000
2802,Esha,28,48000
2803,Deepak,28,48000
2804,Esha,28,48000
2805,Deepak,28,48000
2806,Esha,28,48000
2807,Deepak,28,48000
2808,Esha,28,48000
2809,Deepak,28,48000
2810,Esha,28,48000
2811,Deepak,28,48000
2812,Esha,28,48000
2813,Deepak,28,48000
2814,Esha,28,48000
2815,Deepak,28,48000
2816,Esha,28,48000
2817,Deepak,28,48000
2818,Esha,28,48000
2819,Deepak,28,48000
2820,Esha,28,48000
2821,Deepak,28,48000
2822,Esha,28,48000
2823,Deepak,28,48000
2824,Esha,28,48000
2825,Deepak,28,48000
2826,Esha,28,48000
2827,Deepak,28,48000
2828,Esha,28,48000
2829,Deepak,28,48000
2830,Esha,28,48000
2831,Deepak,28,48000
2832,Esha,28,48000
2833,Deepak,28,48000
2834,Esha,28,48000
2835,Deepak,28,48000
2836,Esha,28,48000
2837,Deepak,28,48000
2838,Esha,28,48000
2839,Deepak,28,48000
2840,Esha,28,48000
2841,Deepak,28,48000
2842,Esha,28,48000
2843,Deepak,28,48000
2844,Esha,28,48000
2845,Deepak,28,48000
2846,Esha,28,48000
2847,Deepak,28,48000
2848,Esha,28,48000
2849,Deepak,28,48000
2850,Esha,28,48000
2851,Deepak,28,48000
2852,Esha,28,48000
2853,Deepak,28,48000
2854,Esha,28,48000
2855,Deepak,28,48000
2856,Esha,28,48000
2857,Deepak,28,48000
2858,Esha,28,48000
2859,Deepak,28,48000
2860,Esha,28,48000
2861,Deepak,28,48000
2862,Esha,28,48000
2863,Deepak,28,48000
2864,Esha,28,48000
2865,Deepak,28,48000
2866,Esha,28,48000
2867,Deepak,28,48000
2868,Esha,28,48000
2869,Deepak,28,48000
2870,Esha,28,48000
2871,Deepak,28,48000
2872,Esha,28,48000
2873,Deepak,28,48000
2874,Esha,28,48000
2875,Deepak,28,48000
2876,Esha,28,48000
2877,Deepak,28,48000
2878,Esha,28,48000
2879,Deepak,28,48000
2880,Esha,28,48000
2881,Deepak,28,48000
2882,Esha,28,48000
2883,Deepak,28,48000
2884,Esha,28,48000
2885,Deepak,28,48000
2886,Esha,28,48000
2887,Deepak,28,48000
2888,Esha,28,48000
2889,Deepak,28,48000
2890,Esha,28,48000
2891,Deepak,28,48000
2892,Esha,28,48000
2893,Deepak,28,48000
2894,Esha,28,48000
2895,Deepak,28,48000
2896,Esha,28,48000
2897,Deepak,28,48000
2898,Esha,28,48000
2899,Deepak,28,48000
2900,Esha,28,48000
2901,Deepak,28,48000
2902,Esha,28,48000
2903,Deepak,28,48000
2904,Esha,28,48000
2905,Deepak,28,48000
2906,Esha,28,48000
2907,Deepak,28,48000
2908,Esha,28,48000
2909,Deepak,28,48000
2910,Esha,28,48000
2911,Deepak,28,48000
2912,Esha,28,48000
2913,Deepak,28,48000
2914,Esha,28,48000
2915,Deepak,28,48000
2916,Esha,28,48000
2917,Deepak,28,48000
2918,Esha,28,48000
2919,Deepak,28,48000
2920,Esha,28,48000
2921,Deepak,28,48000
2922,Esha,28,48000
2923,Deepak,28,48000
2924,Esha,28,48000
2925,Deepak,28,48000
2926,Esha,28,48000
2927,Deepak,28,48000
2928,Esha,28,48000
2929,Deepak,28,48000
2930,Esha,28,48000
2931,Deepak,28,48000
2932,Esha,28,48000
2933,Deepak,28,48000
2934,Esha,28,48000
2935,Deepak,28,48000
2936,Esha,28,48000
2937,Deepak,28,48000
2938,Esha,28,48000
2939,Deepak,28,48000
2940,Esha,28,48000
2941,Deepak,28,48000
2942,Esha,28,48000
2943,Deepak,28,48000
2944,Esha,28,48000
2945,Deepak,28,48000
2946,Esha,28,48000
2947,Deepak,28,48000
2948,Esha,28,48000
2949,Deepak,28,48000
2950,Esha,28,48000
2951,Deepak,28,48000
2952,Esha,28,48000
2953,Deepak,28,48000
2954,Esha,28,48000
2955,Deepak,28,48000
2956,Esha,28,48000
2957,Deepak,28,48000
2958,Esha,28,48000
2959,Deepak,28,48000
2960,Esha,28,48000
2961,Deepak,28,48000
2962,Esha,28,48000
2963,Deepak,28,48000
2964,Esha,28,48000
2965,Deepak,28,48000
2966,Esha,28,48000
2967,Deepak,28,48000
2968,Esha,28,48000
2969,Deepak,28,48000
2970,Esha,28,48000
2971,Deepak,28,48000
2972,Esha,28,48000
2973,Deepak,28,48000
2974,Esha,28,48000
2975,Deepak,28,48000
2976,Esha,28,48000
2977,Deepak,28,48000
2978,Esha,28,48000
2979,Deepak,28,48000
2980,Esha,28,48000
2981,Deepak,28,48000
2982,Esha,28,48000
2983,Deepak,28,48000
2984,Esha,28,48000
2985,Deepak,28,48000
2986,Esha,28,48000
2987,Deepak,28,48000
2988,Esha,28,48000
2989,Deepak,28,48000
2990,Esha,28,48000
2991,Deepak,28,48000
2992,Esha,28,48000
2993,Deepak,28,48000
2994,Esha,28,48000
2995,Deepak,28,48000
2996,Esha,28,48000
2997,Deepak,28,48000
2998,Esha,28,48000
2999,Deepak,28,48000
3000,Esha,28,48000
3001,Deepak,28,48000
3002,Esha,28,48000